,Minimum_Loss,Average_Loss,Maximum_Loss,Model,Model_R2
0,-4839.486997641654,1482.0045629447852,22946.696248022192,Gradient_Boosting_Regressor,0.8487156827577838
